innovation_seed,wind_seed,controller,completed_steps,rmse_xyz,cumulative_realized_stage_cost,minimum_hard_margin,qp_count,qp_failure_count,qp_failure_rate,gate_acceptance_rate
16,7016,Frozen,18000,"[0.46169678801877556, 0.3214773704910949, 0.0915723999435198]",699095.429441063,0.00714996445938354,1800,0,0.0,
16,7016,BJ,18000,"[0.515811490917707, 0.3823867378551536, 0.11166571921500794]",834354.884625363,0.15526189478866703,1800,0,0.0,
16,7016,BL,18000,"[0.4589362033854946, 0.3600086586011652, 0.09331769405172673]",728906.786281438,0.09177005957735496,1800,0,0.0,0.11363636363636363
17,7017,Frozen,18000,"[0.3314305190498509, 0.40803100546179144, 0.07306614181526169]",638466.4089314883,0.06024001644868582,1800,0,0.0,
17,7017,BJ,18000,"[0.36853906929805635, 0.43191512557641004, 0.08408906710070649]",700400.3932802611,0.18895840430201405,1800,0,0.0,
17,7017,BL,18000,"[0.36043975337985035, 0.43524716989711854, 0.0833432028428671]",697945.6366868959,0.0872667754646379,1800,0,0.0,0.20454545454545456
18,7018,Frozen,5930,,,,594,1,0.0016835016835016834,
18,7018,BJ,18000,"[0.40134355486934853, 0.3647347084231836, 0.0958520460229891]",658807.0451028213,0.18519284126697722,1800,0,0.0,
18,7018,BL,18000,"[0.3840494056424681, 0.3390959741634447, 0.08407292574079707]",609806.518918991,0.04322976908448606,1800,0,0.0,0.18181818181818182
19,7019,Frozen,18000,"[0.3339351950841958, 0.31934464491264075, 0.06663529254521756]",537052.7155013909,0.017126107395931456,1800,0,0.0,
19,7019,BJ,18000,"[0.36264503892435557, 0.3603380951330439, 0.08162616757692048]",601074.4884466911,0.19917517325449774,1800,0,0.0,
19,7019,BL,18000,"[0.34181991956809427, 0.3761556820001264, 0.07289770628745394]",593341.4236497341,0.017126107395986967,1800,0,0.0,0.25
20,7020,Frozen,18000,"[0.3194147031086318, 0.2894060052076086, 0.08519623990991028]",505955.97752073803,0.10827704625443957,1800,0,0.0,
20,7020,BJ,18000,"[0.35963218544240544, 0.3420466627066033, 0.09978971875018564]",590771.8942885103,0.21401492810232803,1800,0,0.0,
20,7020,BL,18000,"[0.3268627637124893, 0.3394333205422682, 0.09060277962728554]",554140.6623945793,0.16141942193760528,1800,0,0.0,0.36363636363636365
21,7021,Frozen,8730,,,,874,1,0.0011441647597254005,
21,7021,BJ,18000,"[0.4295529610614584, 0.32225518397992653, 0.11634106285491717]",658520.2638967704,0.1427125779511269,1800,0,0.0,
21,7021,BL,18000,"[0.41188116332860786, 0.3446963973558624, 0.1020325928537351]",655772.086317674,0.06729631611927633,1800,0,0.0,0.3181818181818182
22,7022,Frozen,1260,,,,127,1,0.007874015748031496,
22,7022,BJ,8310,,,,832,1,0.001201923076923077,
22,7022,BL,1260,,,,127,1,0.007874015748031496,0.0
23,7023,Frozen,18000,"[0.312339400177706, 0.2881440279084046, 0.07859609896231817]",493789.03012255166,0.018157783831334928,1800,0,0.0,
23,7023,BJ,18000,"[0.3626718553970719, 0.3499009350166855, 0.09478888433879155]",597463.1908246779,0.1804681941795483,1800,0,0.0,
23,7023,BL,18000,"[0.3137089176135376, 0.33291680041383553, 0.079657444981205]",531495.7510557149,0.10733825129531027,1800,0,0.0,0.25
24,7024,Frozen,6220,,,,623,1,0.0016051364365971107,
24,7024,BJ,18000,"[0.30290031258307054, 0.32594212851393484, 0.08123249783642374]",502917.2395159572,0.24472153617392722,1800,0,0.0,
24,7024,BL,18000,"[0.2714881640271046, 0.30568739018588437, 0.0773991245037033]",458997.22156037716,0.03448197685452836,1800,0,0.0,0.11363636363636363
25,7025,Frozen,18000,"[0.23262453115638046, 0.29018337022757223, 0.07550772875464819]",438009.96564515465,0.00012418796941116028,1800,0,0.0,
25,7025,BJ,18000,"[0.2995360462768083, 0.3334959268361419, 0.09081996929306956]",524489.1577942778,0.23246606485039845,1800,0,0.0,
25,7025,BL,18000,"[0.2579407380808152, 0.33701845271413233, 0.08375091881682545]",492312.2825466191,0.04710109576673949,1800,0,0.0,0.3181818181818182
26,7026,Frozen,1310,,,,132,1,0.007575757575757576,
26,7026,BJ,8440,,,,845,1,0.001183431952662722,
26,7026,BL,1310,,,,132,1,0.007575757575757576,0.0
27,7027,Frozen,4510,,,,452,1,0.0022123893805309734,
27,7027,BJ,8730,,,,874,1,0.0011441647597254005,
27,7027,BL,8730,,,,874,1,0.0011441647597254005,0.23809523809523808
28,7028,Frozen,6160,,,,617,1,0.0016207455429497568,
28,7028,BJ,18000,"[0.3254428343425212, 0.4342261748663823, 0.10028611796624091]",657922.9405440509,0.09296434232656026,1800,0,0.0,
28,7028,BL,18000,"[0.29273612992387493, 0.4157275123031615, 0.09370041678562883]",608192.0511232606,0.012217855173406456,1800,0,0.0,0.20454545454545456
29,7029,Frozen,8550,,,,856,1,0.0011682242990654205,
29,7029,BJ,18000,"[0.4767162900233688, 0.43019049155980704, 0.08447815507323422]",827753.4070117107,0.2332534305566205,1800,0,0.0,
29,7029,BL,18000,"[0.46418547949382094, 0.41125952768143637, 0.07942529615958138]",787978.3813655176,0.1856838866265469,1800,0,0.0,0.25
30,7030,Frozen,8410,,,,842,1,0.0011876484560570072,
30,7030,BJ,8270,,,,828,1,0.0012077294685990338,
30,7030,BL,18000,"[0.24918277547382195, 0.32133286896432806, 0.06621629178278665]",459717.85378757544,0.1444825990975196,1800,0,0.0,0.22727272727272727
31,7031,Frozen,18000,"[0.3600232144783876, 0.35509736633999683, 0.08227878847533523]",605423.8507792111,0.032509000899124896,1800,0,0.0,
31,7031,BJ,18000,"[0.4091124273226611, 0.40963743850502055, 0.10400152500645668]",718404.7099234132,0.16514716918663597,1800,0,0.0,
31,7031,BL,18000,"[0.3680588873122579, 0.3959019429684336, 0.0904685781200341]",655279.8146630987,0.1211176544718433,1800,0,0.0,0.18181818181818182
32,7032,Frozen,18000,"[0.3159484894906103, 0.25464653083486744, 0.07968612559493533]",483435.0253666709,0.04633858833179705,1800,0,0.0,
32,7032,BJ,18000,"[0.3838552972665317, 0.309226461424852, 0.09779468981610524]",594616.9360239608,0.1412781971110837,1800,0,0.0,
32,7032,BL,18000,"[0.3594866078523629, 0.29426483460201514, 0.09408765327971504]",555333.8316366946,0.11201134625497344,1800,0,0.0,0.1590909090909091
33,7033,Frozen,520,,,,53,1,0.018867924528301886,
33,7033,BJ,18000,"[0.46040068539845946, 0.42824909802593003, 0.10527895792022354]",818434.5451611185,0.1585582056902708,1800,0,0.0,
33,7033,BL,520,,,,53,1,0.018867924528301886,0.0
34,7034,Frozen,18000,"[0.4481340292095835, 0.38148894846736303, 0.08995534060011352]",739322.5616730741,0.12772178436488346,1800,0,0.0,
34,7034,BJ,18000,"[0.4922819514191938, 0.4452738673900587, 0.11452444698366387]",876836.0315067188,0.16935826059334147,1800,0,0.0,
34,7034,BL,18000,"[0.44722643602268836, 0.4247433887144169, 0.09612697909357552]",786101.8454133782,0.11584925185900152,1800,0,0.0,0.2727272727272727
35,7035,Frozen,18000,"[0.4161940282529787, 0.4400094124013573, 0.08544765461899329]",768201.7138096017,0.13058929230278515,1800,0,0.0,
35,7035,BJ,18000,"[0.4457474516592605, 0.4891535785996055, 0.09450919595156074]",867308.6739144138,0.2119187650011658,1800,0,0.0,
35,7035,BL,18000,"[0.41696063377052645, 0.4799522546729843, 0.09028255895050491]",820017.878685164,0.13993262504583326,1800,0,0.0,0.18181818181818182
