seed,method,subspace_error,prediction_rmse,dual_error,projector_error,train_trace
10001,MoQin_IVR,0.113824559123,0.0839403375929,1.11274757696e-14,1.16979682079e-15,1.21885286968
10001,lag_projection_only,0.11357672555,0.0839708686827,1.07384338844e-14,2.11751917625e-15,1.21885286968
10001,double_projection,0.114006055691,0.0839494190074,1.0793217188e-14,1.82243139757e-15,1.21885286968
10002,MoQin_IVR,0.149189540686,0.0833155314681,1.02769006179e-14,1.07442852638e-15,1.17958414809
10002,lag_projection_only,0.146412737208,0.0833988709613,1.0127577612e-14,1.49046777771e-15,1.17958414809
10002,double_projection,0.149956907217,0.0833178554613,1.08060675546e-14,1.56987713617e-15,1.17958414809
10003,MoQin_IVR,0.156352908577,0.08355409955,1.15432793061e-14,8.24994104722e-16,1.1466013694
10003,lag_projection_only,0.155016768518,0.083567810511,1.09059158489e-14,1.30964583712e-15,1.1466013694
10003,double_projection,0.154266981096,0.0835099326615,1.10073270646e-14,1.06138139325e-15,1.1466013694
10004,MoQin_IVR,0.0917541881091,0.0836702421995,1.24816391789e-14,1.8545248348e-15,1.24029458459
10004,lag_projection_only,0.0934311190433,0.0836490991393,1.12957009981e-14,1.21901669069e-15,1.24029458459
10004,double_projection,0.0922897101038,0.0835582055122,1.21652239373e-14,1.53569466533e-15,1.24029458459
10005,MoQin_IVR,0.110231955452,0.0830755686228,1.27207409628e-14,1.82758546381e-15,1.28986899256
10005,lag_projection_only,0.111160694258,0.0830201077624,1.26580004108e-14,7.72347802879e-16,1.28986899256
10005,double_projection,0.110314532034,0.0830538986567,1.24466779253e-14,5.38003142442e-16,1.28986899256
10006,MoQin_IVR,0.143411703428,0.0834067099481,1.20146145517e-14,1.51183060947e-15,1.20515153536
10006,lag_projection_only,0.142508692025,0.0834432029246,1.12765719416e-14,1.1441693151e-15,1.20515153536
10006,double_projection,0.14389733522,0.0834329594951,1.14129376945e-14,1.25750550871e-15,1.20515153536
10007,MoQin_IVR,0.120644606415,0.0837542521207,1.2687399152e-14,9.49359715729e-16,1.26683991643
10007,lag_projection_only,0.120182162731,0.0837326141147,1.24457715937e-14,1.54258525557e-15,1.26683991643
10007,double_projection,0.121402721132,0.0836905709475,1.20909626216e-14,7.35030590396e-16,1.26683991643
10008,MoQin_IVR,0.113160923823,0.0830965147756,1.1209975534e-14,3.45815077944e-15,1.22900203397
10008,lag_projection_only,0.112180855925,0.0831029758229,1.12707089509e-14,3.22209172374e-15,1.22900203397
10008,double_projection,0.111294891194,0.0830919557556,1.12554312591e-14,3.14337571347e-15,1.22900203397
10009,MoQin_IVR,0.111512448436,0.0841542588717,1.14009598593e-14,1.45803033192e-15,1.31299510483
10009,lag_projection_only,0.111318573751,0.084185577759,1.12553548409e-14,2.0040484715e-15,1.31299510483
10009,double_projection,0.111882225241,0.0841135825458,1.11792089993e-14,1.18420040345e-15,1.31299510483
10010,MoQin_IVR,0.113730227536,0.0836348199474,1.118367732e-14,2.12536174056e-15,1.28529507859
10010,lag_projection_only,0.111962506167,0.0836276304994,1.11243951975e-14,1.71945180109e-15,1.28529507859
10010,double_projection,0.114156283467,0.0836365570798,1.07887418364e-14,2.17967196741e-15,1.28529507859
10011,MoQin_IVR,0.119604551227,0.0841532419965,1.18264853436e-14,2.40950441031e-15,1.25378173929
10011,lag_projection_only,0.119533120193,0.0840936656468,1.22676232544e-14,1.33954883901e-15,1.25378173929
10011,double_projection,0.122504133565,0.0840769023819,1.18486586163e-14,1.08519419731e-15,1.25378173929
10012,MoQin_IVR,0.110373042703,0.0831504729161,1.23460548529e-14,1.75933794545e-15,1.25656773474
10012,lag_projection_only,0.112838156179,0.083180744707,1.16665182858e-14,1.38816369117e-15,1.25656773474
10012,double_projection,0.112417270029,0.0831705769815,1.24614837757e-14,1.72776224526e-15,1.25656773474
10013,MoQin_IVR,0.105637045714,0.0836482951931,1.1444188849e-14,9.52695580709e-16,1.2501571689
10013,lag_projection_only,0.106105204335,0.0836748159167,1.09060892502e-14,1.59498054871e-15,1.2501571689
10013,double_projection,0.106608515226,0.0836047350385,1.07886529903e-14,1.09082874899e-15,1.2501571689
10014,MoQin_IVR,0.147224393648,0.0835671611718,1.08428127581e-14,6.34058549921e-16,1.27076957843
10014,lag_projection_only,0.146725867795,0.083594611994,1.11922542755e-14,9.33319761407e-16,1.27076957843
10014,double_projection,0.147311008984,0.083536887987,1.08565168988e-14,7.54398518007e-16,1.27076957843
10015,MoQin_IVR,0.114957421032,0.0843773240896,1.09525164731e-14,1.33342927818e-15,1.23098963339
10015,lag_projection_only,0.112703752331,0.0843420019321,1.13659059021e-14,4.1475567082e-16,1.23098963339
10015,double_projection,0.113558714517,0.0843471203912,1.15212539462e-14,7.63046821512e-16,1.23098963339
10016,MoQin_IVR,0.101504194424,0.0832865821993,1.05394490944e-14,8.9000243215e-16,1.2593288354
10016,lag_projection_only,0.101068966708,0.0832435627045,1.00968569723e-14,1.08903469102e-15,1.2593288354
10016,double_projection,0.0994729511956,0.0832332755148,1.06421274755e-14,7.01447622866e-16,1.2593288354
10017,MoQin_IVR,0.115472287597,0.0836387992585,1.14237025116e-14,1.99968617152e-15,1.23472142671
10017,lag_projection_only,0.117268965057,0.0835934069465,1.14417318214e-14,1.33709690357e-15,1.23472142671
10017,double_projection,0.11516439697,0.0836552559231,1.14916556895e-14,1.35536300321e-15,1.23472142671
10018,MoQin_IVR,0.115852321156,0.08321739228,1.03451481704e-14,1.57556770326e-15,1.19601442783
10018,lag_projection_only,0.116429709106,0.083225544186,1.00878411632e-14,1.37183191404e-15,1.19601442783
10018,double_projection,0.115556163534,0.0832122095149,1.03478434069e-14,1.02585617879e-15,1.19601442783
10019,MoQin_IVR,0.112895916195,0.0823897915366,1.21083528674e-14,2.18587161026e-15,1.27385945126
10019,lag_projection_only,0.111948752711,0.0824105283321,1.21178788693e-14,2.08094752633e-15,1.27385945126
10019,double_projection,0.110886919416,0.0824195107496,1.24559802841e-14,2.00825756362e-15,1.27385945126
10020,MoQin_IVR,0.118869880633,0.0836560694536,1.16588359951e-14,1.01789199265e-15,1.25995821049
10020,lag_projection_only,0.120608355535,0.0836736509693,1.12298757591e-14,1.21899319046e-15,1.25995821049
10020,double_projection,0.118664706456,0.0837222179434,1.13750391277e-14,1.40913605786e-15,1.25995821049
